author_name,rating,review_text,review_date,title,app_version
Ricardo255,4,4 Stars,2025-06-02T01:07:16-07:00,4 Stars,18.0.5910
Agmb59,5,This is a very good app! It gives me the info in need such as running balances on all my accounts. View of my written checks and improvements and updates to keep up with the latest services. And of course stability !,2025-05-30T11:58:45-07:00,"Stability, easy to navigate and the info you need",18.0.5910
Qween53,5,Keeps good records,2025-05-30T08:17:20-07:00,Very Great App,18.0.5910
Argot!,3,I‚Äôm generally pleased with Unify; however today I wanted to check the rate I was getting on a recently rolled over share certificate & found no way to check the rate. Where on the phone app can I find rates?,2025-05-29T08:59:05-07:00,Why no APR or APY on share certificate details?,18.0.5910
JG-Carolinas/Ga,5,Love the app! Definitely a timesaver and easy to use!,2025-05-29T05:57:06-07:00,Love it!,18.0.5910
Roccocwatts,5,Great app that is easy to use and seems very secure.,2025-05-27T20:13:27-07:00,Unify,18.0.5910
Western Federal,5,"Thank you so much. App is working well. Luis Croucier. 

My only issue is that a chat box is hard to reach at the bottom of the app.  

Thank you 
Luis",2025-05-27T18:34:09-07:00,App Working Great,18.0.5910
Martha92022,5,"I really like this app, it so easy to use., you don‚Äôt need go in the bank to pay your bills and you can zelle so much easier, and visa bill less percent. I like Unify everyone is pleasant. Thanks.",2025-05-19T09:38:21-07:00,Like this app so easy to use,18.0.5910
DA PHANTOM II,5,"Thanks for re-establishing my log in process, you were very tolerant in getting my account reinstated, SF",2025-05-16T11:16:43-07:00,"Lady at Unify was OUTSTANDING in assisting me, thanks much!",18.0.5910
danionww,4,"I‚Äôm loving the Unify FCU app ‚Äî I use it every day. Conveniences like the face recognition, well designed filters, a easy to use epay and transfers features mean I can quickly check my finances on my phone. It‚Äôs simply great. The only improvement would be to let me alter epay payees on the phone without having to go to a computer.",2025-05-16T11:09:13-07:00,Great Daily App,18.0.5910
UH-60,5,"works for me and that‚Äôs what‚Äôs important.

Still like it!",2025-05-15T03:32:51-07:00,Unify App,18.0.5910
Blondiejag,1,"I find the app very easy to use, no issues.",2025-05-14T06:38:24-07:00,Easy to use,18.0.5910
Great App Greater God,5,Love my Bank. Thank you Unify. Thrive and Prosper,2025-05-13T12:02:25-07:00,United to Unify,18.0.5910
zettebones,5,This is a great app. I use it on a regular basis for my home banking. Easy and fast.,2025-05-09T08:51:25-07:00,Great app,18.0.5910
IUFAN25,5,So quick and easy to deposit checks.  Best banking system I‚Äôve ever had!!!,2025-05-09T08:21:44-07:00,Easy to use,18.0.5910
Awake in Long Beach,4,Excellent!,2025-05-07T14:03:05-07:00,Unify,18.0.5910
SoAnyWho,5,"The App is easy to find your way around in. The Links are self explanatory! It is easy to perform all my banking needs. Exactly, best Banking Application I‚Äôve seen.",2025-05-05T16:01:52-07:00,Very Easy,18.0.5910
tranfrancoi41,5,"Fast & easy fast, Secure & Safety",2025-05-03T15:18:18-07:00,Unify FCU App,18.0.5910
DBell86,5,"The app is user friendly, and updated frequently to become even more user friendly, and convenient.",2025-05-01T10:02:03-07:00,DBell1,18.0.5910
gsridsyhr,5,Makes it so easy to do virtually anything that has to do with your checking account,2025-04-30T08:15:44-07:00,My review,18.0.5910
Koalamom1,5,"I have been with UNIFY for many years now, and cannot imagine working with any other financial institution. They are very easy to work with, the associates in my local branch(Camarillo) always welcome me in with a big smile and spend as much time as needed to assist me.",2025-04-29T07:43:47-07:00,UNIFY is great,18.0.5910
mrswoodmaster1985,5,Unify Financial is amazing to give us a chance to repair our credit. We ABSOLUTELY LOVE our Jeep.,2025-04-25T19:21:46-07:00,2021 Jeep Gladiator,18.0.5910
ROLMdr,5,"Just noticed it, haven‚Äôt logged on for A few days. Will have to play with it to check out the different changes.",2025-04-21T11:48:54-07:00,App update,18.0.5910
techsergtaco,5,Easy to access and work in,2025-04-16T15:32:54-07:00,Great app,18.0.5910
frautani,5,"I never have any issues with this app, it seems to always be available and accurate",2025-04-15T05:37:36-07:00,Great,18.0.5910
hdveifhwgahzg,4,Only issue I have is how long it takes to initiate an external transfer which usually takes days.,2025-04-15T05:26:22-07:00,Slow external transfer times,18.0.5910
RLM II,5,This was so easy to set up and use. THANKS,2025-04-11T12:55:12-07:00,Easy App,18.0.5910
Nise1961,5,This app is very easy to use!,2025-04-08T07:22:57-07:00,Great App,18.0.5910
newebayer!,5,"It‚Äôs a good app, a little easier to use than the typical bank apps. Also provides more important information when you need it.",2025-04-03T14:38:15-07:00,Rate my app,18.0.5910
Mamazway,5,I really love this app very easy to navigate through. Very convenient and user friendly.,2025-04-02T17:05:16-07:00,Love the app,18.0.5910
AMDEE2,5,I‚Äôm able to easily deposit checks and view my accounts using this app!,2025-04-02T13:50:43-07:00,Easy and convenient,18.0.5910
ChubbyRascal,5,So convenient,2025-04-01T08:24:34-07:00,Wonderful,18.0.5910
Dee. B,5,Easy to use,2025-04-01T07:51:25-07:00,Love it,18.0.5910
DannieMoMo,5,User friendly!,2025-03-28T10:23:46-07:00,Unify App,18.0.5910
advaldes,5,Great,2025-03-27T17:05:18-07:00,I love this app as much as I love my bank.,18.0.5910
TrendyDecor,5,Easy to navigate,2025-03-26T19:18:13-07:00,Simply,18.0.5910
D3TH_,5,"Used it for years, good credit union and app works as it should.",2025-03-26T17:32:38-07:00,Good app,18.0.5910
sae1856,5,Trusted for service excellence,2025-03-20T20:41:43-07:00,Review,18.0.5910
SoCalVet,4,Easy to use app. Fast and convenient. No problems.,2025-03-18T09:18:55-07:00,Fast and convenient,18.0.5910
Scratchers addict,4,Easy to use,2025-03-15T02:42:46-07:00,Easy to use,18.0.5910
Restorrez,5,Thank you,2025-03-14T15:31:51-07:00,Excellent experience. I like the app. Thank you.,18.0.5910
7yyr,5,Very useful. Like it very much,2025-03-12T07:54:34-07:00,Great app,18.0.5910
Roger Konsmo,5,"Opened my account on 2008 , treated me with excellence Many loans. Very happy and would recommend",2025-03-12T02:19:17-07:00,Roger Konsmo,18.0.5910
Geee5887,5,Doesn‚Äôt let me click the chat button,2025-03-06T22:33:05-07:00,Chat,18.0.5910
Aoneryno,5,From ease to use and accomplish what you want to do. Also very understandable and clarity not full of useless gadgets that don‚Äôt do much.,2025-03-06T08:52:06-07:00,Great App,18.0.5910
gnols51,5,"The app. Is very handy, easy to use and I hear it‚Äôs more secure than the website.  Love the mobile deposit feature and the fact there are 3 offices very close to my home",2025-03-05T17:05:04-07:00,UNIFY Financial,18.0.5910
jvehg,5,Like the app,2025-03-04T11:12:44-07:00,Five star,18.0.5910
Rolandtb,5,"It‚Äôs very user friendly and easy to navigate!
No hassle.",2025-02-28T18:57:44-07:00,Awesome!,18.0.5910
Bob46975,5,"Great App, very easy to use!!",2025-02-24T10:17:00-07:00,Unify Federal Credit Union,18.0.5910
JKD517,5,Very helpful and informative,2025-02-22T08:40:29-07:00,Great app,18.0.5910
cinnamon Granny,5,This is a great credit union,2025-02-20T22:18:24-07:00,Great credit Union,18.0.5910
Mkw1025,5,Easy to use,2025-02-19T16:31:08-07:00,Love it,18.0.5910
sjchun2,5,Love the app! Easy to use and very convenient!,2025-02-15T10:05:35-07:00,Very convenient,18.0.5910
Clar !,5,Easy to access and understand,2025-02-13T06:15:34-07:00,Note,18.0.5910
Love That Spice,5,Unify is the best financial institution that I have used. The valuable financial tools they provide is unknown in the banking world. I feel like they actually care,2025-02-12T17:08:01-07:00,Full Coverage Banking,18.0.5910
ClVeEs,5,Easy to use and clear.,2025-02-11T11:16:11-07:00,Like it,18.0.5910
Chayin78,1,I have to change my password once a month because it never remembers my password. I‚Äôm not sure why it won‚Äôt store it.,2025-02-10T05:51:19-07:00,Change password,18.0.5910
JR9135,1,Nothing is consistent with Unify. I stopped putting real money in over 2 years ago.,2025-02-08T18:24:21-07:00,Doesn‚Äôt work,18.0.5910
Bills only iphone,5,Love this App,2025-02-06T13:32:22-07:00,Greatv App,18.0.5910
ebineez,5,Grateful that Unify puts great effort into making a super user friendly app to navigate. Always consistent and fast in operations‚Ä¶,2025-02-05T09:01:31-07:00,The Best,18.0.5910
Blackcreekneal,5,Love this app never any issues !,2025-02-05T06:39:34-07:00,Neal,18.0.5910
Msgogettah,5,This is the best credit union I‚Äôve ever had dealings with. I love it. Security is great,2025-02-04T11:40:46-07:00,Great service,18.0.5910
Momof292&98,5,Makes everything convenient.,2025-02-01T15:46:03-07:00,Easy,18.0.5910
Five Stars Overall,5,I have been a member with Unify FCU going back to when they were Western FCU. They have always been a great service and supportive credit union . Five star rating!,2025-02-01T12:15:03-07:00,Excellent Service and Access,18.0.5910
JaMac123,5,Easy to navigate. Great online app,2025-01-30T19:14:13-07:00,Excellent,18.0.5910
glorybten,5,I really like the Unify app. I use it all the time. It was designed very well & is user friendly I want to thank everybody for the wonderful support I get whenever I call or when I need help. Love you guysüëçüòä Gloria Tenedora,2025-01-28T11:13:04-07:00,Unify app,18.0.5910
gwbled,5,Quite helpful in keeping up with my account and linking other accounts for one step research.,2025-01-28T08:47:50-07:00,Unify,18.0.5910
Jason Friesen,5,Love the Face ID for sign in and straight forward menus. No guesswork needed if I need info.,2025-01-27T12:39:35-07:00,Favorite credit app,18.0.5910
Disney @805,5,"Easy to access, use and send money",2025-01-26T14:48:26-07:00,Easy access,18.0.5910
patti05,5,This credit union is great. And I am able to speak to a human to get assistance. Thank you.,2025-01-26T09:12:37-07:00,Great service,18.0.5910
vithanhluong,5,Good,2025-01-26T06:27:13-07:00,Unify,18.0.5910
redhotmama264,5,There website for banking is so easy to use. You can do just about any type of banking from your own home without ever going into the bank. Try it!!,2025-01-25T06:18:15-07:00,Unify Credit Union,18.0.5910
Twinspop,2,Missing true MFA - SMS is not! Interface is dated. Navigation is clumsy.,2025-01-24T19:42:37-07:00,Functional,18.0.5910
Scooterman 777,5,Thank you for the great work you do,2025-01-24T14:08:48-07:00,Very professional,18.0.5910
not_ben-askr,1,Mid,2025-01-23T20:05:59-07:00,Mid,18.0.5910
Gramma on gaviota,5,Love this credit union app. It does what it‚Äôs supposed to do quickly.,2025-01-23T07:43:40-07:00,Great App,18.0.5910
123 ser,5,It‚Äôs a great app One of the best app,2025-01-22T19:42:44-07:00,5 stars,18.0.5910
Mamba number 9,1,Having trouble paying my carnote.,2025-01-21T17:55:34-07:00,Car note payment issue,18.0.5910
Jenny Micz,5,Works really well üòä,2025-01-20T14:03:51-07:00,Great app !,18.0.5910
51MKA,5,I find the Unify app easy to use and to locate information.,2025-01-19T07:12:07-07:00,EZ,18.0.5910
PererMMM,5,User friendly.,2025-01-18T09:56:25-07:00,Great app,18.0.5910
ajigasawa,5,Easy to navigate.,2025-01-18T09:36:40-07:00,Account accessibility,18.0.5910
Freedom 5/22,5,"I‚Äôve had my accounts since 2007. Western was better, but I believe in unions.",2025-01-16T19:31:30-07:00,Unions are always best!,18.0.5910
dianelovesbindo,5,Great online banking,2025-01-16T12:57:21-07:00,Easy to use,18.0.5910
Shmit daddy,5,Have used the app so many times on iPad and from my cell phone.,2025-01-14T06:23:13-07:00,GreatApp,18.0.5910
Jace0914,4,I have never had an issue when I deal with unify staff.they are always pleasant and helpful.,2025-01-13T11:20:17-07:00,Customer service,18.0.5910
Badgirl65,5,I really like this credit union. They are easy to work with.,2025-01-12T15:51:42-07:00,Auto Loan,18.0.5910
pork chop suey,5,App is easy to understand and laid out well,2025-01-11T07:48:05-07:00,5 stars,18.0.5910
teaboba,3,Need improvement. Not user friendly.,2025-01-11T03:22:35-07:00,Needs improvement too hard to navigate,18.0.5910
Zeya 2018,5,Very happy with service,2025-01-09T17:10:07-07:00,Rate real happy,18.0.5910
bernierene,5,I give you all 5 stars. Thank you for always keeping us in formed,2025-01-09T09:24:49-07:00,Rate,18.0.5910
awmph,5,Easy to use.,2025-01-08T14:43:12-07:00,Great App,18.0.5910
Jenjamesfilms,5,This is what an app should work like It does work great! I hesitated for years not wanting to take the security risk. But your site works great and I‚Äôve never had a security problem‚Ä¶.Keep up the Amazing Work!,2025-01-07T15:26:07-07:00,Works great,18.0.5910
Strayer007,4,Awesome App!!!,2025-01-07T12:35:59-07:00,Love it !!!,18.0.5910
Hotter thanu,5,Excellent easy to use,2025-01-07T08:08:57-07:00,App,18.0.5910
Diamontae1$,5,This app is awesome,2025-01-07T07:38:38-07:00,Survey,18.0.5910
Youknowtap?,3,I like the app and I like the credit union.  If you have to transfer funds it takes forever.,2025-01-05T10:40:46-07:00,Transferring funds takes forever,18.0.5910
Roadracer46,1,After the update‚Ä¶ this app is difficult to navigate through,2025-01-04T16:02:22-07:00,Over complicated,18.0.5910
John P Ingram,5,Pleased,2025-01-04T08:46:58-07:00,Easy to use,18.0.5910
vrachan,5,I have never had a problem with Unify handling my Banking! They are Always helpful when I have any issues with transactions. Any issues I have had weren‚Äôt the fault of Unify! They are dependable and professional provide excellent service!,2025-01-03T13:50:52-07:00,Unify,18.0.5910
J. Gun.,5,"From the day I became a member of the Western C.U. In 1969, to Unify C.U. today. You guys have never forget the importance of customer service. You have always employed professional, caring, personably people with a great work ethic. Good Job guys, keep it up.",2025-01-03T11:59:56-07:00,The Best,18.0.5910
Django221,5,"1. Grate app
2 grate security",2025-01-03T09:15:02-07:00,Unify app,18.0.5910
Go2baja,5,Unify is a great app and friendly personal service amazing!,2025-01-03T08:31:57-07:00,Unify app,18.0.5910
Nedcoop,5,I love UNIFY and appreciate the ease of banking with them.,2025-01-03T02:02:48-07:00,Easy app to use,18.0.5910
65;:)),5,So easy to use and efficient.,2025-01-03T01:10:53-07:00,Website,18.0.5910
Noilabyk,5,Excellent work,2025-01-02T13:04:04-07:00,App,18.0.5910
lpayes,5,Excellent application!,2025-01-02T11:25:43-07:00,Awesome!,18.0.5910
beverlysusie55,5,Great Features For Self Service,2025-01-02T10:46:32-07:00,Blessed,18.0.5910
Billtompkinsjr,5,Great app,2025-01-02T08:15:21-07:00,"Very nice, very easy",18.0.5910
Ttownjuggernaut,5,I love this app! It helps me do anything and everything with my banking needs,2025-01-02T06:34:57-07:00,Banking made easy,18.0.5910
Hoosierfox,3,UI is poor,2024-12-31T20:15:59-07:00,Needs more functionality.,18.0.5910
Jingletaps,5,The Unify App is easy to navigate. Depositing checks couldn‚Äôt be easier.,2024-12-31T12:34:10-07:00,Best Credit Union,18.0.5910
mililadam,5,I love this bank - the employees are very helpful!,2024-12-30T11:29:42-07:00,Unify FCU,18.0.5910
Shaquiel,5,Works as expected.,2024-12-28T17:14:12-07:00,Pretty good!,18.0.5910
Joe Adame,5,Great!,2024-12-27T15:44:41-07:00,Service,18.0.5910
Ben the bagel eater,4,Pretty good application,2024-12-27T15:30:22-07:00,Unify mobile banking app,18.0.5910
sunshine1061,5,The APP is easy to use......I really find it to be user friendly,2024-12-27T03:08:57-07:00,Unify APP,18.0.5910
Tia Patterson,5,Best credit union! Without a doubt! I haber never been happier!,2024-12-26T02:21:11-07:00,Unify is the...,18.0.5910
Hatetaxes,5,"Excellent value, with very reasonable fee structure.",2024-12-25T13:32:41-07:00,Mark,18.0.5910
Wombbaba,1,Not happy with the app,2024-12-25T12:47:18-07:00,Not happy,18.0.5910
2Claudia2,5,I love using this app. Good transition from job to job that I need for life. Certainly has made my life better.,2024-12-25T09:14:43-07:00,Unify financial credit union - the best!,18.0.5910
ebonyme,5,"I have been a member for over 30 years, through all the transitions. They are a great institution but most of all this credit union supports community growth and sustainability.",2024-12-24T08:43:57-07:00,My credit union,18.0.5910
LTC 22,5,Love your secure app. Easy to navigate.,2024-12-24T07:55:20-07:00,Great App Site,18.0.5910
AnitramRG,4,Love that I can conduct transactions from the convenience of everywhere when the system is in a good mood. Sometimes it tells me my login information is incorrect when it's not and to try again later.,2024-12-23T16:02:14-07:00,Clickity-Clack,18.0.5910
1tsjustyouandm3,3,The app looks like it has not been updated since it was made. Payments take 4 days to process,2024-12-23T10:22:27-07:00,Bank is great. But app is lame,18.0.5910
MiLeee Vahnilli,3,Unify should allow members to use the Zelle app,2024-12-22T21:09:22-07:00,Zelle,18.0.5910
RobD0808,5,The Unify Financial Credit Union app provides everything I need to perform all my banking tasks in an easy to use format; I love it!,2024-12-22T09:25:49-07:00,Easy to use and powerful!,18.0.5910
gkidlife,5,"I love the app, it‚Äôs so helpful and the layout is easy to navigate",2024-12-22T07:31:13-07:00,Al Your Banking Needs,18.0.5910
Coach Leicester,5,Easy to use and I love the simplicity and yet wholeness of all the tasks available,2024-12-21T23:01:43-07:00,Awesome,18.0.5910
Sandlive,5,The very best in service,2024-12-21T07:12:59-07:00,Excellent,18.0.5910
sweetie kittypoo,5,5 stars,2024-12-21T00:47:49-07:00,Unify FCU,18.0.5910
GWTW,1,It never works the same way twice. Extremely frustrating.,2024-12-20T15:08:38-07:00,It works rarely!!,18.0.5910
Busyb223,5,"Although not happy there are no branches or ATMs I can go to, I understand why that is. The customer service is great which makes it easier. I am pleased that I can still bank at other locations. 05/23/23- I get the absolute service every time I call. Thank you so much",2024-12-20T13:23:21-07:00,My Unify works for me,18.0.5910
Ronohara,5,Easy to use and gets you to the right subject,2024-12-20T12:42:58-07:00,Ronald Ohara,18.0.5910
kemgee,5,"I‚Äôve been working with Chris Ryan (Mesa, AZ). I have to take my hat off to him! He‚Äôs been amazing. Dealing with a 70+ senior, who is not too computer savvy, the patience it took when I had to scan docs! 5 üåü",2024-12-20T11:13:46-07:00,Refi car loan,18.0.5910
trich2284,3,"It‚Äôs ok, I‚Äôm still learning it. It‚Äôs things I don‚Äôt like about the credit union, but so far so good!!",2024-12-20T10:16:34-07:00,The bank,18.0.5910
Mikeindublinca,5,No issues at all,2024-12-20T08:31:44-07:00,Works like a charm,18.0.5910
Jesusaves123,5,"I would love to be able to lock the position of my individual accounts. As I‚Äôm scrolling, I often inadvertently move them from my desired order. Just a small inconvenience! Other than that - great experience!",2024-12-19T18:44:01-07:00,Good job!,18.0.5910
Rangers@464,4,"I love my bank, Been with them about 10 years and I love my bank. I have never had a issue. They make sure my acct remain safe.",2024-12-19T18:05:49-07:00,Best,18.0.5910
apes74,5,Every time I have to talk to an actual person the service has been phenomenal.,2024-12-19T13:47:03-07:00,Great customer service.,18.0.5910
devoeaston,5,"Easy access, and I like the functionality",2024-12-19T11:04:41-07:00,Access,18.0.5910
üé∏üéØ‚öóÔ∏è,2,Can‚Äôt add account without calling customer support Bill pay cancel when not paid out far enough and have to enter transaction all over again instead of just changing the date,2024-12-19T10:41:24-07:00,Difficult,18.0.5910
DoHoLee,5,"Easy, Quick, and Hassle-free mobile deposits",2024-12-19T10:25:26-07:00,Easy and Quick Mobile Deposits,18.0.5910
2ivybean,5,User friendly,2024-12-19T08:53:01-07:00,Easy to maneuver,18.0.5910
Precious Too,5,Thank you for your service,2024-12-19T08:46:11-07:00,Val,18.0.5910
Roberta127,5,Service is awesome.,2024-12-18T20:20:41-07:00,Review,18.0.5910
Not playing nickname game,5,This app makes banking easy. Love it.,2024-12-18T17:55:02-07:00,Happy camper,18.0.5910
CKgottafly,5,I have found it to be better than other banks.,2024-12-18T11:25:13-07:00,I have used this App for 8 years now and I have found it to be simple and effective.,18.0.5910
MineCraftGirl13,5,"A+ Really like the APP keeps me from going out a lot , and helps be track my balances",2024-12-17T19:06:21-07:00,"App is easy to use, covers most everything",18.0.5910
redhairybear,4,Fast and easy to use,2024-12-17T15:23:18-07:00,App,18.0.5910
STROUPES,5,Great,2024-12-17T09:39:44-07:00,Rating,18.0.5910
Showmercii,5,"I have never had a problem with this this system,it‚Äôs easy to use and always up today!",2024-12-17T07:39:23-07:00,User friendly,18.0.5910
Scotsirshtexan,5,"Great app for mobile banking. Secure, phone verification by text or voice. Everything at my fingertips.",2024-12-17T06:32:28-07:00,Unify fcu,18.0.5910
Pwtaggart,5,I like it very much.,2024-12-17T05:22:35-07:00,New look,18.0.5910
sippiscarlette,4,Would be five stars but I feel it is ridiculous that it takes so long for an outside transfer to occur,2024-12-16T18:47:01-07:00,My review,18.0.5910
1st ET,5,"Sincerely I love this app!! It is so easy to navigate, everything you need is there.",2024-12-16T10:34:30-07:00,Best app ever,18.0.5910
willie ABN,5,Awesome,2024-12-16T10:12:28-07:00,Willie begley,18.0.5910
Robechar,5,Very easy to use. No problems at this time.,2024-12-16T07:33:01-07:00,Current App.,18.0.5910
Unificient,5,"Was initially hesitate to use the mobile app several years ago as I preferred to go into my local branch to conduct business. However, with the closing of the branches in my state I was forced to bank using the mobile app. Now, it‚Äôs very handy. User friendly, secure, access to all important and relevant data when I need it.",2024-12-15T21:38:31-07:00,UnifyFCU App,18.0.5910
mrsvejnar,5,Really enjoy this app. It works great,2024-12-15T15:02:28-07:00,Great app,18.0.5910
Storm Chimp,5,Great for on the go banking. Wish there was a way to put notes on the statements or a way to check the debits and credits for balancing your account.,2024-12-13T18:07:27-07:00,Convenient and easy to use,18.0.5910
vnallau,5,Awesomeness,2024-12-13T17:53:21-07:00,Great,18.0.5910
maria3of7,5,Makes it easy,2024-12-13T07:27:50-07:00,UNIFY FCU app,18.0.5910
Karl Hrodric,5,"Easy access and very informative in all transactions, easy tracking of transactions. Very user friendly",2024-12-12T13:33:18-07:00,Excellent Application,18.0.5910
royb_ok,5,And very accurate. Love it.,2024-12-12T11:12:36-07:00,"Works great, easy to use.",18.0.5910
charly tamayo,5,Excelente,2024-12-12T10:37:00-07:00,Okay,18.0.5910
Nonickname 99,1,I don‚Äôt like that transfers and all charges appear 2-3 years later. Affects any loans and charges/payments pending .,2024-12-12T05:14:02-07:00,Transactions take forever,18.0.5910
JusPrayzng!!,5,This app is very easy to navigate.Works well!!!,2024-12-11T20:30:19-07:00,Greatest credit union app!,18.0.5910
Enemelina,5,"Love the app, make my life easy‚ò∫Ô∏è",2024-12-11T15:28:21-07:00,App,18.0.5910
P@!!y,4,Easy to use,2024-12-11T14:35:13-07:00,Great app,18.0.5910
annie bnanny,5,Easy to navigate.,2024-12-11T13:41:05-07:00,Easy,18.0.5910
birdrr,5,An improvement,2024-12-11T12:44:26-07:00,It works,18.0.5910
Noeyzee,5,Great service; been with the original credit union for over 30 years!! Please keep up the great customer service!!,2024-12-11T09:50:20-07:00,Great Credit Union,18.0.5910
SISSCOTHEKID,5,"This is a great credit union to bank with!! We have banked with this credit union, since it was named Western Federal Credit Union. This credit union may be based out of California, but we were blessed that they have branches in Northwest Arkansas. Their app is easy to utilize. UFCU offers very competitive rates for their credit cards, along with competitive rates on their auto loans. We have done a majority of our auto loans with UFCU, and this is because the process is smoother than dealing with any dealership, when you‚Äôre purchasing a vehicle. I highly recommend Unify Financial Credit Union!",2024-12-11T06:31:49-07:00,UFCU,18.0.5910
helloeveyone,5,It works great. Makes things convenient and easier.,2024-12-10T14:16:36-07:00,App,18.0.5910
ThomasR1966,5,Great easy to use app I love it!,2024-12-10T08:39:08-07:00,Nice easy app,18.0.5910
1970-e,5,When I do a mobile deposit it crashes,2024-12-09T22:35:52-07:00,Crash,18.0.5910
Familiar Joe,5,Honestly it works in every way I needed to. Come a long way!,2024-12-09T22:15:10-07:00,All my problems have been fixed!,18.0.5910
Lolabunny 1948,5,Setting up Face ID was simple,2024-12-09T19:06:38-07:00,.Thank you,18.0.5910
un1fyuser,5,Nicely implemented UI and good features,2024-12-09T17:23:48-07:00,Works as expected,18.0.5910
Dr1908,5,Convenient and user friendly.,2024-12-09T11:55:03-07:00,Unify App,18.0.5910
tessa*,5,"I love the convenience of having a good app for managing my bank accounts, and the app is very easy to navigate.",2024-12-09T11:11:56-07:00,Great app!,18.0.5910
Sluggos girl,5,"Makes my financial busy so much easier, Great system.",2024-12-09T08:27:45-07:00,Excellent,18.0.5910
lgcouture,5,"Dependable
Allows you to manage accounts while in the go with few interruptions.  
Easy to navigate.",2024-12-09T03:05:46-07:00,Handles business,18.0.5910
pedro Lopez ( Pumas ),5,Excelente,2024-12-08T21:01:27-07:00,Excelente,18.0.5910
nataly43,5,I really like this app and I enjoy using it :),2024-12-08T19:34:04-07:00,Love this app,18.0.5910
DoubleGruncle,5,"I have no issues with the app, it is easy to use",2024-12-08T18:21:06-07:00,Easy to use,18.0.5910
Christhoher LaMar,5,Review,2024-12-08T16:55:46-07:00,Customer,18.0.5910
Forever grateful girl,5,I always have great experience with resolving my issues very respectful and diligent customer service. I will always be a faithful member of UNIFY Credit Union,2024-12-08T11:34:35-07:00,Unblocked account,18.0.5910
Sdhhfjjeucuf,5,Very welll done,2024-12-08T10:27:49-07:00,Great app,18.0.5910
1perron,5,5 stars,2024-12-08T08:56:39-07:00,5 stars,18.0.5910
uffanduff,5,A,2024-12-07T14:45:57-07:00,It‚Äôs Good,18.0.5910
b100benz,5,It‚Äôs fine,2024-12-07T12:37:27-07:00,Does me good,18.0.5910
AwesomeAppViewer,5,Awesome!,2024-12-07T09:27:09-07:00,Member since 2009,18.0.5910
Jay8575,5,I love every aspect of this credit union. The simplicity of the app and how quickly and easily I can move money as needed. The security of is amazing!,2024-12-07T09:20:06-07:00,This app is the Bomb!,18.0.5910
beachcdg,5,Love this app. It‚Äôs a lifesaver for me.,2024-12-07T08:59:51-07:00,Member,18.0.5910
Fun time game,5,I love this app I love the face recognition,2024-12-07T07:41:37-07:00,The app,18.0.5910
Alacran562,5,Yes a like it,2024-12-06T19:37:14-07:00,Love it all time,18.0.5910
Griz4564,5,Works great easy to navigate,2024-12-06T17:01:34-07:00,Unify app,18.0.5910
Linmac33,4,"Last time I tried to use the app to locate a Unify branch & see its hours, it could not zoom in or out without getting all off the screen; then I would lose everything I was looking at. There has to be a way to fix it!",2024-12-06T15:37:37-07:00,App needs updating,18.0.5910
Billy R. Davenport,5,It is great!,2024-12-06T15:24:33-07:00,Unified app,18.0.5910
Siwtwr,5,I love the Unify Credit Union!,2024-12-06T14:33:40-07:00,Service,18.0.5910
Ray A S,5,Very happy with the app and the security that protects it.,2024-12-06T13:10:23-07:00,Keep up the great work,18.0.5910
GooseNMags,4,There really isn‚Äôt anything I can think of that I need other than what this app offers.,2024-12-06T12:45:12-07:00,Works as expected,18.0.5910
Micinest,5,Great improvements from prior version. Like the quick transfer feature!,2024-12-06T11:48:42-07:00,Thanks,18.0.5910
Oxy2020,5,"I find the application helpful, had resolve issues with my account throughout this app and I‚Äôm satisfied with it",2024-12-06T11:37:10-07:00,Unify review,18.0.5910
VarucaSalt,5,"Good Morning, easy to use. If I get lost I can chat or call. Always user friendly. 
Thank you!",2024-12-06T11:23:57-07:00,Unify Federal Credit Union App,18.0.5910
Rouxby,5,Love the app! Makes banking so easy.,2024-12-06T09:35:57-07:00,Easy Peasy!,18.0.5910
Crzy4mybb,5,All's well!!!,2024-12-06T09:26:28-07:00,All's well,18.0.5910
Landscape #2,5,I love this app and appreciate the immediate deposits as well transfers. I will definitely appreciate the Zelle option.,2024-12-06T07:30:21-07:00,Unify app,18.0.5910
judapraz,5,Unify app is a great and convenient app!!‚ù§Ô∏è‚ù§Ô∏è,2024-12-06T07:26:05-07:00,Unify app,18.0.5910
Playerp,4,Very easy to use. Navigation is easy!,2024-12-06T05:59:27-07:00,Easy to use!,18.0.5910
MeAgain714,5,Good info in an easy to use format.,2024-12-05T19:55:10-07:00,Easy to use,18.0.5910
Tyranical01,1,"To be honest the only reason I downloaded the app was so I can upload checks online and because the credit union regularly loves to say ‚Äúplease use the app if you want to do a cross member transfer‚Äù however recently they made a company update that doesn‚Äôt help out the consumer at all and basically robs people of their check for a week, to be honest had I know more detail about this I would have stopped using this app immediately, it‚Äôs a joke",2024-12-05T19:19:16-07:00,Waste of time,18.0.5910
Hermosa Vball,5,Easy to use.,2024-12-05T19:10:46-07:00,Great app,18.0.5910
Cherylüòò,5,Satisfied.,2024-12-05T18:30:55-07:00,User friendly. Thanks.,18.0.5910
hdmdjebebewasdf,5,User friendly,2024-12-05T18:09:17-07:00,UNIFY,18.0.5910
üòçüòçüòèüòò,5,I use the app all the time!!,2024-12-05T17:12:04-07:00,Convenient,18.0.5910
Bella Bev,5,Unify is my go to credit card. It‚Äôs my best buddy. Recommended to my family and friends. More blessings to the company.‚ù§Ô∏è,2024-12-05T16:47:27-07:00,Amazing,18.0.5910
Jmtq229,5,"Like the app, easy to use, easy to follow instructions.",2024-12-05T14:35:40-07:00,Synchrony,18.0.5910
Tiny888$,5,Great website. Always available,2024-12-05T14:10:31-07:00,Website,18.0.5910
Kalani guy,5,Thank you securing my military pension! Never any problems‚Ä¶ Thank youüòá,2024-12-05T14:04:11-07:00,Reliable,18.0.5910
Hawkeye Stu,5,"Great app, simple yet full of banking options.",2024-12-05T13:55:06-07:00,Easy to use,18.0.5910
Chill out willis,5,"I‚Äôm very happy with your app, because you get nice gadgets where I could check my status, my payments and I can see my statements balance. Thank you.",2024-12-05T13:55:03-07:00,Congrats,18.0.5910
Fujitasix,5,"I can get almost all of my banking tasks accomplished with their app. On the rare occasions I need a live agent, they are super fast to respond and always helpful. Unify FCU rocks!",2024-12-05T13:22:39-07:00,Great CU and great app,18.0.5910
clcswc,5,üëçüèΩ,2024-12-05T12:57:21-07:00,Great app,18.0.5910
CrysDk,5,This would be my third bank in the last 7 years and I would say I wouldn‚Äôt go back to any other bank! This app is user friendly and I can find everything I need by using it,2024-12-05T12:09:17-07:00,Best place to bank at,18.0.5910
Stompdown GD,5,Great,2024-12-05T11:43:23-07:00,Customer,18.0.5910
SJP6471,5,The apps gets me to areas I want to go and allows me to do the essential banking functions,2024-12-05T11:23:07-07:00,Gets me what I want,18.0.5910
UFCU1,5,"User friendly, convenient and efficient",2024-12-05T11:13:46-07:00,Long time customer,18.0.5910
LA-arsenal,5,Does almost everything I can do at the bank,2024-12-05T11:03:29-07:00,Unify app is  very good,18.0.5910
liggage,5,Great,2024-12-05T09:31:25-07:00,Excellent great!,18.0.5910
Genuos,5,Love the convenience and ease of using,2024-12-05T08:23:38-07:00,GeraldoSA,18.0.5910
Unify@21,5,"Awesome app‚Ä¶awesome, friendly service!",2024-12-05T08:17:30-07:00,Unify@21,18.0.5910
lovkd,5,I‚Äôm fairly new to Unify and I love the banking Ap. Very efficient. Customer service is awesome. Still getting used to using Epay feature. Overall five stars! Thank you:),2024-12-05T07:01:36-07:00,Love the Ap!,18.0.5910
Mom 1996,5,New to The Bank. Easy to Navigate! A+++++,2024-12-05T06:01:15-07:00,Loving the App!,18.0.5910
CardiacJack,5,Unify FCU has a great app from the great credit union. Unify treats me like I own the place. That‚Äôs because I do! I‚Äôm not going to give my money to the Walton family bank!,2024-12-05T05:31:58-07:00,Great app from a great credit union!,18.0.5910
supadeac3,4,No real review here. It functions as it should. Sometimes it takes a bit to load the data which has me waiting longer than I choose.,2024-12-05T05:08:15-07:00,Normal function,18.0.5910
Kiashon Kattil,5,"I  say good ,because even if I don‚Äôt have the money in the account they stay positive and honest to make me happy and stay with them without having any problems",2024-12-05T00:48:34-07:00,Good,18.0.5910
4talaveras,4,"Unify website takes care of all my banking needs. From checking balance, making a payment and even sending an email regarding any of my concerns. Website very easy to use",2024-12-04T20:35:43-07:00,Website user friendly,18.0.5910
peruchita123,5,Extremely useful,2024-12-04T20:15:02-07:00,Best app for my bank mobile needs,18.0.5910
Ray+Kay,5,Love it,2024-12-04T19:36:16-07:00,Best Banking APP ever!!!,18.0.5910
sandy wren,1,The worst.,2024-12-04T18:13:29-07:00,Zero!!!,18.0.5910
Rich Yarid,5,Love utilizing this app for its ease of use,2024-12-04T17:17:25-07:00,Awesome App,18.0.5910
Writer 92,5,Great customer service and the support of Unify team protection is very appreciated every day.,2024-12-04T15:25:47-07:00,Awesome,18.0.5910
jimboango,5,It‚Äôs very intuitive and straightforward and easy to use - also happy with the new cash transfer service.,2024-12-04T14:57:07-07:00,Why I like Unify‚Äôs app,18.0.5910
MyGalOlive,5,User friendly,2024-12-04T14:54:53-07:00,Easy to navigate,18.0.5910
TicToc D13,4,The Unify FCU isn‚Äôt a complicated app. It allow a member to use basically the functions you need for your financial situation. I‚Äôm alerted for every transaction and every transaction that clears accordingly. There‚Äôs no huff & puff about it,2024-12-04T14:38:47-07:00,Fairly decent app,18.0.5910
Sherman Muhammad,5,Great mobile app. Very user friendly and easily accessible.,2024-12-04T13:51:24-07:00,Mobile App.,18.0.5910
Fab5Alfreddy,5,This bank is awesome and the app is great!!!,2024-12-04T13:00:21-07:00,Love it!!!,18.0.5910
horomzade,5,Great!,2024-12-04T12:59:22-07:00,Unify,18.0.5910
SLCFOREVER,5,This app is easy to navigate and has the information I need for my banking.,2024-12-04T12:22:02-07:00,Happy :-),18.0.5910
Fans forever,5,"As long time members of Unify, we have come to expect excellent service and convenience that Unify provides in all our interactions. The website provides that too.   Easy to use, access 24 hours a days makes this one of the best financial websites I have used.",2024-12-04T11:11:38-07:00,Convenient access to your accounts,18.0.5910
Network Drano,5,Thank you!,2024-12-04T10:26:01-07:00,Always great,18.0.5910
Silva.23,5,"Very useful and easy to navigate, I like the fact you can transfer between your accounts and zelle too. Thanks Milton Silva",2024-12-04T10:18:25-07:00,Reliable App,18.0.5910
Mav j,5,I love that I can go online anytime and check my account. I‚Äôm 74 years old and they‚Äôre not joking when they say your mind can play games with you so I forget sometimes and it‚Äôs so nice to be able to at any time in the middle of the night I can think of something and not remember and go online and check and make sure I paid that bill. Online banking is so easy to take care of everything at any time I just love it,2024-12-04T10:05:41-07:00,Love online banking,18.0.5910
LoseRBumBum,1,"Customer service is terrible, lied in their promotional material. I get it banks are only for the money but the least they could do is try. These guys don‚Äôt it‚Äôs cheaper that way.",2024-12-04T09:44:09-07:00,Map is wrong,18.0.5910
takeshi1810,5,"Very nice app, I like it.",2024-12-04T08:14:15-07:00,Very good app,18.0.5910
magic1958,5,very easy,2024-12-04T06:33:28-07:00,Lovely App really nice to navigate,18.0.5910
@$7(?!0,5,I use it multiple times a day.,2024-12-04T05:46:38-07:00,"Very well organized, easy to use, great features. Makes keeping track of your finances.",18.0.5910
King Louie 777,5,Account was easy to setup online. Thank you and look forward to banking with Unify.,2024-12-03T19:16:26-07:00,Unify Credit Union,18.0.5910
Cascadean Sturrup,5,(ADP - SBS Chat),2024-12-03T08:46:40-07:00,Cascadean Deon Sturrup,18.0.5910
Hugo Sencion,1,I have been trying to login for the last couple of days with no luck. I need to access my account and this app is making it impossible.,2024-11-27T12:11:16-07:00,Login Issues,18.0.5910
rdrkdr2,5,"Service at your fingertip, easy to manipulate around the site, so user friendly!",2024-11-18T18:25:01-07:00,Love it!,17.0.5906
EYICORONADO,5,It is very convenient when you can make a payment online without having to drive to an office specially when you‚Äôre work hours are the same as the bank.,2024-11-18T10:35:19-07:00,Easy & Convenient,17.0.5906
ayabar51,5,Hola,2024-11-16T08:17:22-07:00,Rafael,17.0.5906
ValdieVal,5,I love it. So convenient!,2024-11-13T08:45:53-07:00,Wonderful app!,17.0.5906
put it on my tab,5,Wonderfully easy,2024-11-11T12:59:17-07:00,User,17.0.5906
Arielf232,5,It‚Äôs a great service and he has weight loans and customer service,2024-11-05T20:05:09-07:00,Service,17.0.5906
Junwanna,4,So far I can navigate ok,2024-10-30T12:27:43-07:00,App,17.0.5906
Wizdom086,5,Easy to navigate,2024-10-25T17:58:49-07:00,Member,17.0.5906
TacomaTimE,5,"Easy to use and allows me to take care of most all my business electronically!

Friendly when I need inside assistance!  Great people in Georgetown KY",2024-10-21T08:47:58-07:00,Banking for real!,17.0.5906
SickBoyChef,5,Great app. Easy to use,2024-10-19T18:15:36-07:00,Amazing,17.0.5906
Sophybran,1,"Try making a payment, this app is so complicated to Navigate, unlike any other , that even when you call and ask for help their own the h support can‚Äôt figure it out, and asks you to log in on a lap top instead of doing it mobile",2024-10-17T17:13:34-07:00,Needs improvement ASAP,17.0.5906
JorieAnn,5,"Easy to use! Good friendly people, like good days!",2024-10-09T17:27:13-07:00,Friendly,17.0.5906
The Retreat,5,"The Unify app is extremely easy to navigate which makes doing online banking easy, confidential, and trustworthy. I have encountered no problems using the app! Definitely a 5-star app!!!!",2024-10-04T08:05:26-07:00,Unify App,17.0.5906
R. Js,5,Easy to use. i have several accounts and it is super easy to manage everything all in one place and jump from one account to the next.,2024-10-03T10:04:04-07:00,Easy banking app,17.0.5906
ReginaDrake,5,It is so easy to move money between accounts. When I had a car loan - paying it was quick and streamline,2024-10-03T08:00:30-07:00,Love it!,17.0.5906
Jake7572,5,Easy to use app and very functional,2024-10-02T05:48:54-07:00,Great App,17.0.5906
Pharensic,1,"Id like to have the Accounts show up bigger, the text is way too small and theres no option to change it",2024-09-30T14:26:58-07:00,The Format,17.0.5906
Makingausernameisdumb,2,Not great. Signing in is more difficult than on a browser.,2024-09-27T22:22:42-07:00,Ok,17.0.5906
Gr8Betosm2007,5,Everything is straight forward.,2024-09-27T21:25:13-07:00,Easy navigation,17.0.5906
Hillsider2,5,Love it,2024-09-27T10:17:47-07:00,The Best . Love my bank . I been with them since 2006 back when they where called Western FCU,17.0.5906
Jon/Sam88,5,"They are really nice, helpful, and I felt good leaving the bank, put me in a more positive mood!",2024-09-25T09:45:57-07:00,Great service,17.0.5906
UnifyII,5,No issues with this app does what a banking app should,2024-09-23T05:09:20-07:00,Works well,17.0.5906
BADRASTA323,5,Excellent!,2024-09-21T12:41:00-07:00,Service,17.0.5906
Jess805,5,Convenient,2024-09-21T06:08:32-07:00,Easy to use,17.0.5906
Daninthecity,2,This app is terrible. It has banners and buttons that don‚Äôt work like the Chat Now and the share certificate ad. The navigation doesn‚Äôt work. I navigated to a weird screen and couldn‚Äôt get back to the Home Screen as the Home button didn‚Äôt work.  This is a banking app circa 2010 and not 2024.  Do better.,2024-09-20T17:24:53-07:00,This app is terrible. Navigation doesn‚Äôt work,17.0.5906
meeeee512,5,Awesome Bank,2024-09-19T20:57:49-07:00,Awesome,17.0.5906
Go Spartys,5,Smooth interaction with accurate results.,2024-09-18T14:53:07-07:00,Well done app,17.0.5906
augie1957,5,I‚Äôm always able to get what I need quickly and easily.,2024-09-17T09:53:16-07:00,Love the app,17.0.5906
tjhs1,5,Really nice,2024-09-17T02:27:59-07:00,Greate,17.0.5906
Unnique For Christ,5,Easy accessible and easy to use,2024-09-16T07:18:58-07:00,Great App,17.0.5906
bunnii_11,5,User friendly. I am able to transfer money and do any transactions with this app.,2024-09-14T12:02:44-07:00,Easy to use,17.0.5906
LBrown3711,5,"Customer service is always the best. My rep always goes above and beyond, ensuring any questions I ask is explained and I fully understand.",2024-09-12T12:19:10-07:00,Excellent Banking,17.0.5906
Earlenejoyce,4,We get excellent service thank you,2024-09-11T11:27:06-07:00,Service,17.0.5906
szm1962,2,Camera always blurry can‚Äôt send e deposit,2024-09-11T06:06:35-07:00,E deposit camera,17.0.5906
Mookiem1,5,Love it,2024-09-10T17:21:56-07:00,Love it,17.0.5906
dpwils11,5,This is a very well put together financial app. It allows the flexibility I need to transfer to and from linked accounts. I highly recommend using this app with your Unify accounts.,2024-09-10T08:40:24-07:00,Very Well Done,17.0.5906
Dell 5000 2 in 1,5,I have chase and Wells Fargo. None of these allow you to search by name or do they offer a search far enough back to help you in that moment. I also like that I can turn my cards on and off as I frequently misplace them,2024-09-07T18:09:02-07:00,Best bank app out there,17.0.5906
Straex,5,Very user friendly,2024-09-07T16:46:37-07:00,Excellent,17.0.5906
natifats,5,Do better.,2024-09-06T19:07:41-07:00,Unify,17.0.5906
Kanga Kitty,3,App keeps kicking me off when I need to deposit more than one or two checks. Very frustrating to log in again and again.,2024-09-06T11:41:45-07:00,No happy with Unify app,17.0.5906
Monei9,5,"Very functional app, love how they put things into categories to see spending habits.",2024-09-05T07:16:49-07:00,Love it!,17.0.5906
Nelson Bob,5,Great pp,2024-09-03T18:08:32-07:00,Great app,17.0.5906
Decatur/51,5,"It‚Äôs a good thing! Any problems can always be resolved ASAP, Thanks",2024-09-03T09:41:16-07:00,Rate the App,17.0.5906
S&SBoy,5,I like going in to see my people at the bank the best but I like being able to check my balance at all times of the day. You all are the best,2024-09-02T17:30:53-07:00,Love the App,17.0.5906
playrunnrsent23,5,best bank ever,2024-08-31T09:43:27-07:00,review,17.0.5906
The hidden place,5,I‚Äôm a new member this app is great !,2024-08-31T09:29:56-07:00,Excellent,17.0.5906
LakeTuna,5,"The bank with its app is easy to use, love the fact that you can login with a quick face recognition.

The app for me has never had a glitch or issues, so I‚Äôm happy with the service that it provides.",2024-08-31T09:15:53-07:00,Excellent,17.0.5906
Elachay,5,"Easier and faster to use. ‚Äú. ‚Äú. ‚Äú
Senior friendly",2024-08-31T08:30:14-07:00,Great App,17.0.5906
Drpepa3,5,So happy Unify has an app for their customers. I‚Äôm grateful for the convenience it provides.,2024-08-30T06:13:42-07:00,Unify Credit Union App,17.0.5906
Louie22491,3,"The app works fine and is great, but customer support easily takes 20 minutes to 30 minutes to answer.",2024-08-28T14:49:48-07:00,Long wait times,17.0.5906
Randallfutch,5,Nice bank,2024-08-28T11:23:11-07:00,Great,17.0.5906
FCU satisfied member,5,The app is easy to use.  Haven‚Äôt experienced any glitches.,2024-08-28T08:44:17-07:00,Easy to use,17.0.5906
Kiyra82,5,I like the Face ID feature and that I can transfer money easily and take a pic of a check and deposit it. Can check my balance and transactions fast. I‚Äôve had no issues with the app and like it so far.,2024-08-27T14:47:11-07:00,Easy and convenient,17.0.5906
app curious,5,Problem free application which is intuitive in its design and high performing. Completely satisfied. Great credit union also.,2024-08-26T21:04:07-07:00,"After a year, seems quite bulletproof",17.0.5906
lil skri,5,Unify is amazing and easy,2024-08-26T17:06:12-07:00,Unify is great,17.0.5906
sweetyb55,5,Easy to use app.,2024-08-26T08:19:42-07:00,Great Banking App!,17.0.5906
LvnitupTess,5,Very user friendly and when I have questions customer service is awesome!,2024-08-24T22:06:02-07:00,Great Banking App!!,17.0.5906
"English,Werd",5,"Unify was setup at my job site and signing people up for accounts, the timing was perfect because I needed to open an account asap so I could take care of some finances back east. Gerry worked with me quickly and diligently to get me set up and started. Fortunate to cross paths with him exactly when I did.",2024-08-23T18:07:28-07:00,Unified for Everyone,17.0.5906
Tyler Dicken,5,Love this bank I get my check direct deposited and I get it 2 days early and the app works great,2024-08-20T18:38:10-07:00,Good app,17.0.5906
SwaVa√©,3,The only problem I would say it to send more money with Zelle.,2024-08-19T19:29:45-07:00,Zelle,17.0.5906
Foothill man,5,"My only issues are connectivity that have nothing to do with this app, seamless powerful",2024-08-17T14:41:46-07:00,Easy straightforward,17.0.5906
Scuba Grandpa,5,Never a delay and always accurate which depicts a company I trust.,2024-08-16T18:50:49-07:00,Best App,17.0.5906
Detrail,5,Wish I would have download long time ago. It saves a lot of time when I need to check balances and deductions. I love it,2024-08-16T08:04:36-07:00,Mobil app,17.0.5906
Easy Appt,5,Simple and very easy to use application. All the options I needed are easily available,2024-08-13T15:37:00-07:00,Easy to Use,17.0.5906
TwoNineRight,5,No check scanning (why?) but otherwise useful.,2024-08-12T11:30:24-07:00,Serviceable,17.0.5906
BH Cat,5,"Been using it for a while, they keep improving it, it‚Äôs robust and works smoothly. Kudos on job well doneüëåüèª",2024-08-12T10:15:50-07:00,It Works great,17.0.5906
Wings Aloft,5,Very easy to use.  I feel this app is very secure.,2024-08-12T08:26:43-07:00,Excellent app in all functions!,17.0.5906
KrafteeCam,5,Clean clear and easy to use.,2024-08-08T14:01:47-07:00,It works,17.0.5906
psMax,5,The app is good. I like it.,2024-08-08T04:24:49-07:00,UFCU,17.0.5906
Clayton Akehurst,5,I love their banking and everything that they do for first buyers as in first car buyer and first house buyer and their apps also amazing very understandable and very lovely to do banking and finances,2024-08-07T21:58:27-07:00,Love this company,17.0.5906
Ayyyeeeesss,5,üôè,2024-08-07T19:20:37-07:00,Nice app,17.0.5906
OC seller,5,Online site is easy to use,2024-08-07T14:28:43-07:00,Easy use,17.0.5906
ylllod,5,Easy,2024-08-06T18:46:24-07:00,Mobile deposit,17.0.5906
Al‚Äôs well,5,Easy to navigate.,2024-08-06T09:36:07-07:00,Account access on line,17.0.5906
TOLOCTMZ,5,"Best service, best credit union ever",2024-08-05T18:49:31-07:00,Don Ricardo,17.0.5906
Briawen,2,This app has too many glitches leaves customers going days without access.,2024-08-05T12:19:56-07:00,Too many glitches,17.0.5906
LadyLeo19,5,User friendly,2024-08-05T09:59:09-07:00,Love it,17.0.5906
JTChrist,5,"Nice app, nice bank!",2024-08-05T09:18:18-07:00,Nice,17.0.5906
Katherine's girl,5,Thanks for keeping it current and updated,2024-08-04T13:37:16-07:00,Love Unify Banking App,17.0.5906
leyley98765,5,Love the app. Convenient and fast. I like how you can add payee from the actual App itself. I just wish you can edit the name too.,2024-08-04T05:30:09-07:00,Easy to use,17.0.5906
kiwabound,5,Love the app. We say to use and full featured.,2024-08-03T09:57:28-07:00,Easy Easy,17.0.5906
nimeses,5,Made user friendly and easy to handle you business whether at home or on the go! Also always striving to improve.,2024-08-02T15:23:07-07:00,The Best,17.0.5906
Awesome4x4,5,Easy to navigate and use. Simple to the point to get your needs done.,2024-08-02T07:13:07-07:00,Love UNIFY FCU,17.0.5906
ShortyBullluva,5,I was told that Unify techs are working on being able to view ‚Äúshared‚Äù accounts in the future.,2024-08-01T22:23:02-07:00,Very easy to use! Love the improvements,17.0.5906
AabanPhd,5,Very happy thank you Unify CU,2024-08-01T15:47:55-07:00,Review,17.0.5906
dracos quicksilver,5,The app is easy to find stuff and operate.,2024-08-01T13:11:20-07:00,Easy,17.0.5906
Sweet n sexy miss,5,I‚Äôve had this app for a long time and never had any issues. Seems fine to me.,2024-07-31T13:50:04-07:00,App is simple and easy to use.,17.0.5906
Curley0556,5,"I enjoy the app, quick easy and efficient. Thank you.",2024-07-31T13:01:18-07:00,Outstanding app,17.0.5906
kc6211,5,Can easily find what I‚Äôm looking and the transaction history can easily provide a lot of information.,2024-07-31T11:50:11-07:00,Love it!,17.0.5906
bbiegrl82,5,Easy to use.,2024-07-30T19:14:14-07:00,App works well,17.0.5906
SoCalspaceman,5,When you‚Äôre trying to use the map to find an ATM machine or branch it is extremely hard to use if that could be fixed or upgraded that would be perfect,2024-07-29T08:53:03-07:00,Search feature lacking,17.0.5906
Flahertt2,5,Over the years of using the mobile app you have made great strides in making the app work better on the apple ios. Thank you and look forward to future updates,2024-07-28T20:07:09-07:00,Great strides made,17.0.5906
Lina Bombardier,5,I bank with Unify FCU of Camarillo. Staff are always friendly and very knowledgeable. I would highly recommend this bank to everyone. Great service!!!,2024-07-28T10:34:30-07:00,Great service! Great Bank!,17.0.5906
HachimaNY,4,Has much improved in the last couple years. More responsive. Smoother interface.,2024-07-28T05:08:20-07:00,Functional,17.0.5906
GTLAurie,5,"Love this app, love Unify and credit unions",2024-07-26T03:10:44-07:00,Easy to use,17.0.5906
deadbeats77,2,"Clunky design and confusing interface. I don‚Äôt understand a lot of the things in the menu. Stuff like linking to external accounts to make deposits or withdrawals isn‚Äôt clear. All of it could be a lot more clear and easier to look at if they‚Äôd hire somebody with experience to design the app. However I happen to like the bank, or credit union that is. Their customer service is always very friendly. I only use the app to do exactly what I need with my car loan and nothing more. Anything else and I will call to do things over the phone.",2024-07-25T23:57:00-07:00,Not great,17.0.5906
AutumSun,5,The App is very intuitive and user friendly.,2024-07-25T22:41:56-07:00,Love the e-deposit,17.0.5906
Wolfeman68,5,Definitely one of the easiest and well rounded applications I utilize.,2024-07-25T21:56:21-07:00,Great,17.0.5906
cjpzzzzz,5,It is great! Very easy!,2024-07-25T18:08:08-07:00,Mobile app,17.0.5906
Wings-o-fire,5,Very user friendly,2024-07-24T19:54:14-07:00,Accounts,17.0.5906
go gfcj,5,Very easy to use and great costumer service when  I do call or walk in. Enjoyable banking experience.,2024-07-24T09:04:08-07:00,Great service,17.0.5906
TeriLynBaile,5,Love it,2024-07-23T12:49:26-07:00,Great,17.0.5906
R hybrid,5,This app is awesome!,2024-07-23T08:46:41-07:00,Awesome App!,17.0.5906
pnarain01,5,Excellent credit union,2024-07-23T08:05:42-07:00,Great service and low fees,17.0.5906
Neicey!,5,I don‚Äôt like the update in bill pay,2024-07-23T06:42:49-07:00,Rating,17.0.5906
boshmickey,2,Navigation features are confusing. Transfers work sporadically. Just really dislike the app.,2024-07-22T14:27:14-07:00,Least Favorite Banking App,17.0.5906
Magill Ink,5,I think it is very useful to have information on phone.,2024-07-22T08:12:21-07:00,Very useful,17.0.5906
Real2reelz,5,Works pretty good,2024-07-22T07:52:42-07:00,Good app,17.0.5906
Dunrbest,5,Lots of great features. Works well. One stipe shop for all I need,2024-07-22T07:49:49-07:00,Great app,17.0.5906
Ig:Teeeee_whhyyy,5,Great,2024-07-21T20:47:27-07:00,Great,17.0.5906
Maloso75,5,Best mobile bank app ever!,2024-07-21T15:41:35-07:00,Excellent!,17.0.5906
Nurse Mesha,5,"Quick, easy to navigate",2024-07-21T13:32:39-07:00,"I love Unify, never have any issues",17.0.5906
dubb82hd,5,Very nice App,2024-07-21T10:00:52-07:00,Makes every transaction plain and simple,17.0.5906
UncleDale,5,Works great,2024-07-21T07:09:57-07:00,Review,17.0.5906
goto834,5,"Love the app, always updated and easy to chat when questions come up",2024-07-20T15:42:03-07:00,Unify review,17.0.5906
greenPOWmadness,5,Love my bank,2024-07-20T14:12:43-07:00,Great App,17.0.5906
Angelajevans,5,Love the app,2024-07-20T13:50:29-07:00,Survey,17.0.5906
SFCity fan,5,Unify website is easy to navigate. When I do have an issue or unable to find what I want to do I have been able to contact the ‚Äúhelp desk‚Äù and squally get a quick response explaining solutions to my issue.,2024-07-19T21:19:32-07:00,User friendly site,17.0.5906
JBo-Bloss,5,I do my banking w a few clicks,2024-07-19T17:59:06-07:00,Easy Peasy App,17.0.5906
Wadrik,5,It‚Äôs been 8 years I joined with this bank.. I recommend you to join me and reference for me..love it they been helping me through everything I need..good bank,2024-07-19T11:51:27-07:00,Love it,17.0.5906
Alcityenlvyol,4,"Unify app makes it easy to get most things done. Some items I seldom do aren‚Äôt immediately intuitive, but I get them done.",2024-07-19T08:48:09-07:00,"Functional, simple",17.0.5906
dirty cxff,5,You should have been able to get it done,2024-07-19T08:06:48-07:00,Greatest,17.0.5906
jforgives,5,Easy to use *****,2024-07-19T07:08:03-07:00,Cp,17.0.5906
"1,2?3?4?",5,Easy to use,2024-07-19T04:54:31-07:00,Easy,17.0.5906
Kappykm,5,Never a glitch. Very dependable. Love it.,2024-07-19T03:26:25-07:00,Love it.,17.0.5906
Jdubsbmw,5,Easy to use. Awesome,2024-07-19T02:01:59-07:00,Good app,17.0.5906
Meeladyt,5,Great service totally great people great bank I tell all of my Lyft riders to check this wonderful bank I tell all my friends and family and even the people that I drive about how wonderful this bank is it‚Äôs incredible,2024-07-19T00:42:47-07:00,The best,17.0.5906
merlynsmom,5,I use this app a lot and I‚Äôve never had a complaint about it. It‚Äôs great.,2024-07-18T21:46:21-07:00,This app is awesome,17.0.5906
Studaboo,5,Very convenient! I can check my financial statements 24/7. Thanks!,2024-07-18T13:35:12-07:00,Review,17.0.5906
Kee kee D u r 1 2,5,Convenient when I need it,2024-07-18T07:45:27-07:00,Easy to use,17.0.5906
Vonn 007,5,GREAT AWESOME,2024-07-18T06:55:07-07:00,MEMBER,17.0.5906
Broadway Babybin KY,5,I use this app for my frequently for my banking needs. Very user friendly and love the mobile deposit feature.,2024-07-18T06:09:59-07:00,Very convenient banking,17.0.5906
Loli Gonzalez,5,"Great app & easy to use, easy to navigate.",2024-07-17T21:21:49-07:00,Great App,17.0.5906
MsDiniDee55,5,Easy access,2024-07-17T15:17:35-07:00,Dino,17.0.5906
lgbs12,4,it's okay tho i figured it out,2024-07-17T14:48:55-07:00,hard to learn,17.0.5906
Biell Morais,5,Thank you for being great!,2024-07-17T14:01:14-07:00,It‚Äôs amazing,17.0.5906
Monica92592,4,Very user friendly. A tad bit glitchy at times. Unable to launch directions from branch/atm locator. Otherwise app does what it is intended to do.,2024-07-17T13:50:59-07:00,User friendly,17.0.5906
davidblane559,5,Unify always looks out for me,2024-07-17T13:32:22-07:00,Best credit union,17.0.5906
Maria WP,4,Would be helpful to have a library of tutorials with videos or written instructions on how to use features of app,2024-07-17T06:24:57-07:00,Needs tutorials,17.0.5906
Fire beest,3,The letters and numbers of the interactive screens are too small.,2024-07-17T06:04:08-07:00,App review,17.0.5906
HB Bumm,5,Love it. Has made my life so much easier.,2024-07-16T17:09:32-07:00,App,17.0.5906
Nevermind 666,5,I use the Unify app all the time. Everything I would need to do with my banking is there and easy to use.,2024-07-08T13:09:05-07:00,Easy app to use,17.0.5906
ZarinaAnaza,5,Easy to read.,2024-07-03T04:30:06-07:00,Excellent,15.0.5905
tillman austin,5,It‚Äôs easy to operate and very quick. 5 stars,2024-07-02T18:22:16-07:00,Easy to use,17.0.5906
Cryosis,5,Just wish your checking balance would show in the epay screen.,2024-07-02T11:48:27-07:00,Easy to use,15.0.5905
Daniellec21,4,Overall clean and simple to navigate. Customer service through the message section is very responsive.,2024-07-01T15:24:39-07:00,Good App,15.0.5905
Fit$$$$$$,1,Always asking to recognize device. Big banks app are so much better.,2024-07-01T15:08:15-07:00,Asking me to register device all the time.,15.0.5905
drew 33Hockey,5,Very happy with the app easy to use,2024-07-01T12:46:30-07:00,Review,15.0.5905
cbird12,5,This app is so easy to use and it has everything you need to manage your finances!,2024-07-01T05:39:23-07:00,Awesome!,15.0.5905
Cris2for,5,Great app!,2024-06-30T13:17:20-07:00,Unify App,15.0.5905
Csbeave,2,I keep trying to make a one time principle payment to my mortgage and have been unable to. I haven‚Äôt had this problem in the past.,2024-06-29T12:43:46-07:00,Less than ideal,15.0.5905
Safe at destination,5,"I can do my banking without leaving home which is great, and the app is always available.",2024-06-29T08:44:46-07:00,Love the app!,15.0.5905
BuffMuffinTop,5,Easy to check your balance. Only wish it was easier to find certain tools.,2024-06-29T08:10:36-07:00,Very convenient,15.0.5905
justguzman25,1,"I‚Äôve been with Unify for several years now and could say that I really enjoyed having them as my main bank. But recently the service has been rapidly declining. I‚Äôve sent several emails to them inquiring about loan products and they never respond. 

They also changed they way you can qualify for a Credit Rebuilder loan. Such a loan is meant for people with bad credit. Before Unify considered your banking relationship to help determine your qualifications. Now they use your credit score. And now you need to have a good credit score for a bad credit loan product. Mind blown. When you apply and get denied they do not tell you why or do not mail you anything as they should be. Highly disappointed.",2024-06-28T23:16:18-07:00,Declining,15.0.5905
EarlyXmas,5,Handles most transactions with ease,2024-06-28T12:57:03-07:00,Convenient,15.0.5905
gemll,2,They need to add Zelle,2024-06-28T05:01:46-07:00,They need to add Zelle,15.0.5905
mexico....,1,App is slow,2024-06-27T17:34:09-07:00,Unify,15.0.5905
lapass05,5,I enjoy being able to do most everything in one place.,2024-06-27T09:55:24-07:00,Mobile banking app,15.0.5905
Hammer6166,5,This app takes the website one step further by providing immediate access to all my information. I use it to monitor all my transactions.,2024-06-27T06:33:29-07:00,All my information at my fingertips,15.0.5905
From Md,5,App works great for everything I need!,2024-06-26T17:54:30-07:00,Great app,15.0.5905
Eddiefedora,5,Best banking app ever had and still have will have,2024-06-26T10:44:19-07:00,Awesome,15.0.5905
Starey1,5,"Very responsive & informative about my account.
Just wish I could deposit cash somehow from where I live.",2024-06-26T09:02:55-07:00,Unify FCU,15.0.5905
ErikW1994,5,Very good app and easy to navigate,2024-06-26T03:00:54-07:00,Easy to use app!,15.0.5905
sigmafred,5,The online system is great and the management staff in Oakland are wonderful !!! Thank you,2024-06-25T10:15:35-07:00,Great service,15.0.5905
Giawms,4,Nice app!,2024-06-25T08:01:21-07:00,Great Customer functionality and support,15.0.5905
The child that loves you,5,I am very pleased with this credit union and their app,2024-06-24T22:32:56-07:00,A member of the credit union,15.0.5905
Alex43770,3,It won‚Äôt allow me to do bill pay,2024-06-24T20:26:45-07:00,Okay,15.0.5905
GuillermoAzurdia,5,It works,2024-06-24T20:05:02-07:00,It‚Äôs fine,15.0.5905
TRINITY117,5,Transfers between accounts are immediate which has helped me many many times. 24/7 live chat is great too!,2024-06-24T11:39:52-07:00,Easy to navigate,15.0.5905
offurrm,5,It‚Äôs amazing that even my loan I did through online and love not having to go to the bank to deposit my checks.,2024-06-21T14:49:25-07:00,Banking app,15.0.5905
BonitaGina,5,Very user friendly,2024-06-21T12:36:44-07:00,Smiles,15.0.5905
Etizzle3,5,The ease of this app is awesome! I have had very little issues and use it everyday banking. Now I just need to know how to access my Zelle account within my app. Thanks for the convenience UNIFY!,2024-06-21T00:44:34-07:00,Love My Unify,15.0.5905
cham ed,5,Easy to use and access to anything from loan application to bank deposits.,2024-06-20T21:11:32-07:00,Anything possible,15.0.5905
aarnold36,5,I like that you can do anything from this app. My favorite convenience is being able to deposit a check.,2024-06-20T18:24:57-07:00,Love this app,15.0.5905
Johniton,5,Excellent work,2024-06-20T13:17:35-07:00,Member,15.0.5905
Drewdta,5,"Great overall app , as in person people are great as well.",2024-06-20T11:52:55-07:00,Great app,15.0.5905
ibgg825,5,You have experience working people. I like working with you Thank you,2024-06-20T11:17:28-07:00,The best bank,15.0.5905
JWI Girl,5,I have been with this bank for over twenty years. And many things have changed for the better. Easy banking system great stuff always there to help. Thanks,2024-06-20T10:39:37-07:00,Very Happy with my bank....,15.0.5905
TechBro,4,"Performs well with some glitches in low connectivity situations, but that‚Äôs to be expected.",2024-06-20T08:15:56-07:00,Solid app,15.0.5905
msammoury,5,"Easy to work with and I like the payment options, accounts links and easy transfers transactions",2024-06-20T05:58:49-07:00,Unify App,15.0.5905
;b :(,5,Much more convenient than the website.,2024-06-19T13:05:47-07:00,Very convenient,15.0.5905
adriandj1,5,Pretty easy to navigate Ty,2024-06-19T10:23:49-07:00,Yes,15.0.5905
garyisok,5,"Very stable app, has everything I need and is so efficient!! Beats having to go to the branch!!",2024-06-19T08:35:48-07:00,Quick and easy to use!,15.0.5905
zelamike,2,The lowering of the Zelle money transfer system has created a difficulty with my personal finances.  I used this method for monthly payments around $1150,2024-06-19T07:47:38-07:00,Zelle change,15.0.5905
Lesanec,5,I love how my money comes in early.,2024-06-19T02:34:18-07:00,Good job,15.0.5905
Very good layout,5,Excellent layout and easy to navigate,2024-06-18T21:51:40-07:00,Good Service,15.0.5905
4160246,5,Much improvement needed. It gets stuck often.,2024-06-18T12:13:13-07:00,Unify review,15.0.5905
TakeAHike89,5,"Easy to use. Have a credit card? Savings account? Every part is easy to maneuver and seamlessly transfer funds, etc. 
Another feature is you can attach other bank accounts.
Easy, accessible, perfect for your money matters.",2024-06-18T11:16:22-07:00,Banking at your finger tips,15.0.5905
CIMike,5,"Excellent app. Allows me to access all my info easily. Transfers, payments, Zelle all easy to use.",2024-06-18T09:51:10-07:00,"Easy, quick",15.0.5905
Huddles1953,5,Love the app,2024-06-17T20:34:48-07:00,Best banking app ever,15.0.5905
Buddy2914,5,Easy to use. I can do everything I want right on the app. I especially love to face recognition.,2024-06-17T15:04:52-07:00,Easy to use.,15.0.5905
annapittagarza4,5,The app is easy to use üôå,2024-06-17T14:48:41-07:00,My bank,15.0.5905
bdhshjsks,1,Doesn‚Äôt work from my iphonr,2024-06-17T14:02:40-07:00,Horrible,15.0.5905
Golden Michelle,5,I enjoy using this app as I‚Äôm able to take care of all my banking without ever having to go to a branch.,2024-06-17T13:14:38-07:00,App is the best,15.0.5905
EP3882,5,Easy to navigate through!,2024-06-17T07:24:11-07:00,UFCF App,15.0.5905
PIPE üí£,5,Works great,2024-06-17T06:43:26-07:00,Awesome,15.0.5905
Ken at Nabwmt,5,I love the Unify app. It‚Äôs easy to use and I can check my accounts regularlyüíï M Scott,2024-06-16T20:17:32-07:00,UnifyCredit Union,15.0.5905
legitlegend88,5,This company UNIFY FCU is filled with a great customer service team. They are always friendly and willing to help any issues i have with transactions.,2024-06-16T15:14:42-07:00,Great app even better contact center,15.0.5905
SenseiAnonQ,5,Full of features and access,2024-06-16T11:16:21-07:00,Excellent app for customers,15.0.5905
Lysaray59,5,I love this bank everything about it knowing that I don‚Äôt have a branch in my city but I can go to any credit union to deposit what I need or withdraw also I can deposit a check online I‚Äôm very happy,2024-06-15T18:00:57-07:00,My review,15.0.5905
jamiesPumpkins,5,Very safe but simple,2024-06-15T14:44:16-07:00,Rate app,15.0.5905
Compuelf,5,Makes checking accounts easy. Transfers are also very easy. 10 out of 10.,2024-06-15T12:08:23-07:00,Very convenient,15.0.5905
Danni48in2024,4,Great app and great company. That‚Äôs all.,2024-06-15T08:16:41-07:00,Unify the Awesome,15.0.5905
mcacrrrs,5,Excelente,2024-06-15T07:01:30-07:00,Good application,15.0.5905
90's Kid blah blah blah,5,I‚Äôve never been let down by this app or by the credit union. I‚Äôd highly recommend both.,2024-06-14T21:38:23-07:00,Great app,15.0.5905
Mikehbch,5,"Been using for a while, user friendly, does everything I need, very happy with it",2024-06-14T13:55:22-07:00,Unify App,15.0.5905
Angered app buyer,5,I‚Äôm always able to find what I need without any issues. I constantly tell my friends to sign up.,2024-06-14T10:36:12-07:00,Unify App,15.0.5905
Chef flava,5,Awesome!!!!,2024-06-14T08:40:40-07:00,Unify,15.0.5905
My solitaire review.,5,Great app. Easy to use.,2024-06-14T07:45:38-07:00,Fantastic app!,15.0.5905
Iris in Lowell,5,"I am happy with the app! Very convenient, and reliable.",2024-06-14T07:44:24-07:00,Best always,15.0.5905
Missteree,5,Easy to use. It feels safe as well. Almost no need to call the customer service number for assistance. I can do almost everything on the app which is a win for me!,2024-06-13T23:10:47-07:00,Great,15.0.5905
Cbentay,5,It is very convenient for online banking. My only thing is when you transfer money between accounts it take 24/48 hours for the transaction to be completed.,2024-06-13T16:25:43-07:00,I love the app,15.0.5905
EY41510,5,App works great!,2024-06-13T16:23:50-07:00,Great!,15.0.5905
Mr. Exceptional,5,I appreciate the great customer service I receive each time.,2024-06-13T15:36:32-07:00,Exceptional customer service.,15.0.5905
voulezMRT,5,I do not have to drive to the bank. Easy to use and has all the tools!,2024-06-13T15:04:06-07:00,Great for All my Banking Needs!,15.0.5905
JACKIE1944H,4,I really appreciate the facial identity access.,2024-06-13T08:19:35-07:00,Thank you,15.0.5905
zzziiu,4,The best,2024-06-13T08:15:47-07:00,Great,15.0.5905
Unifytheworld,5,Usually the app works very well,2024-05-31T13:53:58-07:00,Mr,15.0.5905
Rancho_delvalle,5,"I can do everything I need to do on my phone as I can do on my laptop. It‚Äôs streamline, and easy to use. Thank you Unify.",2024-05-29T15:54:42-07:00,Love the App!,14.0.5900
Jasmin Anahata,5,I Enjoy it hands on indeed,2024-05-26T12:03:23-07:00,Unify App,14.0.5900
Credit app review,5,It‚Äôs very easy to get all of my business done. No matter if it‚Äôs transferring funds or just checking balances and due dates.,2024-05-25T01:10:08-07:00,Unify App,14.0.5900
mpulsv,5,You all are on the right track. I‚Äôm able to everything I need to do from the app.  Perfect.,2024-05-23T17:24:06-07:00,Perfect App,14.0.5900
Sick of your crap 2,1,"Your app is trash, your service is trash, I‚Äôve spoken to multiple people about autopay that‚Äôs been set up for 2 years and your people helped set up. Still get late fees and have to talk to people just about monthly to fix the problem, which just happens again the following month.",2024-05-21T16:41:16-07:00,Complete garbage,14.0.5900
4947gd,5,Love it,2024-05-21T06:22:39-07:00,Easy to navigate,14.0.5900
watertightdoor,1,At least our auto loan rate is decent,2024-05-20T12:42:37-07:00,Just so so bad,14.0.5900
MisLauLou,5,"I appreciate the option of a quick check on my accounts, and the mobile deposit is super convenient!",2024-05-19T13:27:31-07:00,So much faster than firing up the laptop!,14.0.5900
BrownYogi,5,"Great App, easy to navigate",2024-05-17T10:18:07-07:00,Great App,14.0.5900
Tomvalram,4,I like the app,2024-05-16T04:35:59-07:00,Unify,14.0.5900
Marika Bak,5,This app does everything I need and I need a lot as there are no longer branches near me.,2024-05-09T05:56:14-07:00,Great App,14.0.5900
BLk162411,5,"I like that it is fully electronic. Tranfers can easily be handled without ACH time delayed movement between my other institutions of bn,ing.",2024-05-09T04:59:40-07:00,UNIFY,14.0.5900
Aprill2013,1,"this is by far the worst app I have ever downloaded. 
I can even pay my car loan with this stupid app. Their customer service is the worst!!!! Horrible bank horrible app. Overall the worst thing that has happened in my life.
Customer service agents can‚Äôt even help me. If I cal after hours they send me to a call center that cannot help you either. Horrible",2024-05-08T17:32:11-07:00,THE WORST,14.0.5900
Giftxpedia,5,This is very easy to use. It works fast and provides all features for online banking. I enjoy using it!,2024-05-08T09:55:12-07:00,Unify FCU app,14.0.5900
nikip2019,5,Very user friendly!! I can do all my transactions quickly. Would definitely recommend.,2024-05-05T08:33:46-07:00,Great,14.0.5900
Trinidls,5,Easy to use!,2024-05-03T08:58:28-07:00,Ease of use,14.0.5900
GrannyWolfe,5,Works for me!,2024-05-02T16:22:04-07:00,Nice and Easy.,14.0.5900
yobudabbadoo,5,"Never dreamed paying bills and performing financial transactions could be so easy, convenient and, believe it or not, enjoyable. Love it!",2024-05-01T17:45:31-07:00,Love this App,14.0.5900
LittlePicky,5,"Very fast and convenient app, thanks!!",2024-04-30T08:23:45-07:00,George G Monterrosas,14.0.5900
